{
  "version": 1,
  "author": "Anonymous maker",
  "editor": "wokwi",
  "parts": [
    { "type": "wokwi-arduino-uno", "id": "uno", "top": 19.33, "left": -68, "attrs": {} },
    {
      "type": "wokwi-led",
      "id": "led1",
      "top": -214.53,
      "left": 230.06,
      "attrs": { "color": "red" }
    },
    {
      "type": "wokwi-led",
      "id": "led2",
      "top": -197.86,
      "left": 163.41,
      "attrs": { "color": "red" }
    },
    {
      "type": "wokwi-led",
      "id": "led3",
      "top": -179.86,
      "left": 99.4,
      "attrs": { "color": "red" }
    },
    {
      "type": "wokwi-led",
      "id": "led4",
      "top": -149.87,
      "left": -2.61,
      "attrs": { "color": "red" }
    },
    {
      "type": "wokwi-led",
      "id": "led5",
      "top": -162.54,
      "left": 46.06,
      "attrs": { "color": "red" }
    },
    {
      "type": "wokwi-resistor",
      "id": "r1",
      "top": -66.98,
      "left": 6.27,
      "rotate": 90,
      "attrs": { "value": "1000" }
    },
    {
      "type": "wokwi-resistor",
      "id": "r2",
      "top": -70.32,
      "left": 164.26,
      "rotate": 90,
      "attrs": { "value": "1000" }
    },
    {
      "type": "wokwi-resistor",
      "id": "r3",
      "top": -73.65,
      "left": 118.27,
      "rotate": 90,
      "attrs": { "value": "1000" }
    },
    {
      "type": "wokwi-resistor",
      "id": "r4",
      "top": -73.65,
      "left": 48.27,
      "rotate": 90,
      "attrs": { "value": "1000" }
    },
    {
      "type": "wokwi-resistor",
      "id": "r5",
      "top": -60.99,
      "left": 221.6,
      "rotate": 90,
      "attrs": { "value": "1000" }
    }
  ],
  "connections": [
    [ "uno:GND.1", "led4:C", "orange", [ "h-46.5", "v-136.2" ] ],
    [ "uno:6", "r1:2", "green", [ "v0" ] ],
    [ "r1:1", "led4:A", "green", [ "h0" ] ],
    [ "uno:5", "r4:2", "green", [ "v0" ] ],
    [ "uno:4", "r3:2", "green", [ "v0" ] ],
    [ "uno:3", "r2:2", "green", [ "v0" ] ],
    [ "uno:2", "r5:2", "green", [ "v0" ] ],
    [ "led4:C", "led5:C", "green", [ "v0" ] ],
    [ "led5:C", "led3:C", "green", [ "v0" ] ],
    [ "led3:C", "led2:C", "green", [ "v0" ] ],
    [ "led2:C", "led1:C", "green", [ "v0" ] ],
    [ "r5:1", "led1:A", "green", [ "h0" ] ],
    [ "r2:1", "led2:A", "green", [ "h0" ] ],
    [ "r3:1", "led3:A", "green", [ "h0" ] ],
    [ "led5:A", "r4:1", "green", [ "v0" ] ]
  ],
  "dependencies": {}
}