{
  "version": 1,
  "author": "Anonymous maker",
  "editor": "wokwi",
  "parts": [
    {
      "type": "wokwi-arduino-uno",
      "id": "uno",
      "top": 200.92,
      "left": -7.95,
      "rotate": 90,
      "attrs": {}
    },
    {
      "type": "wokwi-pushbutton",
      "id": "btn1",
      "top": 86.44,
      "left": 108.3,
      "attrs": { "color": "green" }
    },
    {
      "type": "wokwi-pushbutton",
      "id": "btn2",
      "top": 86,
      "left": 248.11,
      "attrs": { "color": "green" }
    },
    {
      "type": "wokwi-resistor",
      "id": "r1",
      "top": 255.07,
      "left": 244.56,
      "attrs": { "value": "1000" }
    },
    {
      "type": "wokwi-led",
      "id": "led1",
      "top": 199.67,
      "left": 289.61,
      "attrs": { "color": "red", "flip": "1" }
    },
    {
      "type": "wokwi-led",
      "id": "led2",
      "top": 234.75,
      "left": 335.43,
      "attrs": { "color": "yellow", "flip": "1" }
    },
    {
      "type": "wokwi-resistor",
      "id": "r2",
      "top": 14.95,
      "left": 155.41,
      "rotate": 90,
      "attrs": { "value": "1000" }
    },
    {
      "type": "wokwi-resistor",
      "id": "r3",
      "top": 14.95,
      "left": 201.82,
      "rotate": 90,
      "attrs": { "value": "1000" }
    },
    {
      "type": "wokwi-resistor",
      "id": "r4",
      "top": 306.75,
      "left": 261.89,
      "attrs": { "value": "1000" }
    },
    {
      "type": "wokwi-led",
      "id": "led3",
      "top": 284.98,
      "left": 363.25,
      "attrs": { "color": "limegreen", "flip": "1" }
    },
    {
      "type": "wokwi-resistor",
      "id": "r5",
      "top": 332.67,
      "left": 284.3,
      "attrs": { "value": "1000" }
    },
    {
      "type": "wokwi-led",
      "id": "led4",
      "top": 301.04,
      "left": 413.7,
      "attrs": { "color": "red", "flip": "1" }
    },
    {
      "type": "wokwi-led",
      "id": "led5",
      "top": 362.66,
      "left": 380.88,
      "attrs": { "color": "yellow", "flip": "1" }
    },
    {
      "type": "wokwi-led",
      "id": "led6",
      "top": 415.89,
      "left": 334.63,
      "attrs": { "color": "limegreen", "flip": "1" }
    },
    {
      "type": "wokwi-resistor",
      "id": "r6",
      "top": 401.12,
      "left": 278.33,
      "attrs": { "value": "1000" }
    },
    {
      "type": "wokwi-resistor",
      "id": "r7",
      "top": 357.6,
      "left": 300.73,
      "attrs": { "value": "1000" }
    },
    {
      "type": "wokwi-resistor",
      "id": "r8",
      "top": 429.66,
      "left": 250.72,
      "attrs": { "value": "1000" }
    }
  ],
  "connections": [
    [ "uno:5V", "btn1:2.l", "cyan", [ "h-20.98", "v-208.98" ] ],
    [ "btn1:1.r", "btn2:1.l", "cyan", [ "v0" ] ],
    [ "r1:1", "uno:12", "red", [ "v0" ] ],
    [ "r2:2", "btn1:2.r", "cyan", [ "h-0.02", "v68.69" ] ],
    [ "btn2:2.l", "r3:2", "cyan", [ "h0" ] ],
    [ "r2:1", "r3:1", "cyan", [ "h0" ] ],
    [ "uno:11", "r4:1", "yellow", [ "v0.9", "h38.34" ] ],
    [ "uno:10", "r5:1", "green", [ "h42.44", "v17.4" ] ],
    [ "btn2:2.r", "uno:3", "cyan", [ "h154.3", "v276.42" ] ],
    [ "btn1:1.l", "uno:13", "cyan", [ "v50.38", "h143.68", "v142.6" ] ],
    [ "uno:0", "r8:1", "green", [ "h0" ] ],
    [ "r6:1", "uno:1", "yellow", [ "v0" ] ],
    [ "r7:1", "uno:2", "red", [ "h-30.17", "v40.67" ] ],
    [ "led4:A", "r7:2", "red", [ "v0" ] ],
    [ "led4:C", "uno:GND.1", "red", [ "h12.19", "v-60.12" ] ],
    [ "led6:A", "r8:2", "green", [ "h-24.33", "v-22.58" ] ],
    [ "led6:C", "uno:GND.1", "green", [ "h93.68", "v-174.97" ] ],
    [ "led5:C", "uno:GND.1", "yellow", [ "h56.28", "v-121.74" ] ],
    [ "led5:A", "r6:2", "yellow", [ "v1.05", "h-64.14" ] ],
    [ "led1:A", "r1:2", "red", [ "v0" ] ],
    [ "led1:C", "uno:GND.1", "red", [ "v0" ] ],
    [ "led2:A", "r4:2", "yellow", [ "v0" ] ],
    [ "led2:C", "uno:GND.1", "yellow", [ "v0" ] ],
    [ "led3:A", "r5:2", "green", [ "v0" ] ],
    [ "led3:C", "uno:GND.1", "green", [ "h8.7", "v-44.06" ] ]
  ],
  "dependencies": {}
}