{
  "version": 1,
  "author": "Anonymous maker",
  "editor": "wokwi",
  "parts": [
    {
      "type": "wokwi-arduino-uno",
      "id": "uno",
      "top": 48.98,
      "left": -175.48,
      "rotate": 90,
      "attrs": {}
    },
    {
      "type": "wokwi-led",
      "id": "led1",
      "top": -25.09,
      "left": 268.33,
      "attrs": { "color": "limegreen", "flip": "1" }
    },
    {
      "type": "wokwi-led",
      "id": "led2",
      "top": 24.81,
      "left": 310.83,
      "attrs": { "color": "yellow", "flip": "1" }
    },
    {
      "type": "wokwi-led",
      "id": "led3",
      "top": 74.91,
      "left": 336.07,
      "attrs": { "color": "red", "flip": "1" }
    },
    {
      "type": "wokwi-led",
      "id": "led4",
      "top": 216.96,
      "left": 275,
      "attrs": { "color": "limegreen", "flip": "1" }
    },
    {
      "type": "wokwi-led",
      "id": "led5",
      "top": 185.63,
      "left": 310.74,
      "attrs": { "color": "yellow", "flip": "1" }
    },
    {
      "type": "wokwi-led",
      "id": "led6",
      "top": 140.6,
      "left": 336.76,
      "attrs": { "color": "red", "flip": "1" }
    },
    {
      "type": "wokwi-pushbutton",
      "id": "btn1",
      "top": -66.7,
      "left": -107.38,
      "attrs": { "color": "green" }
    },
    {
      "type": "wokwi-pushbutton",
      "id": "btn2",
      "top": -66.43,
      "left": 7.63,
      "attrs": { "color": "green" }
    },
    {
      "type": "wokwi-resistor",
      "id": "r1",
      "top": 85.39,
      "left": 154.88,
      "attrs": { "value": "1000" }
    },
    {
      "type": "wokwi-resistor",
      "id": "r2",
      "top": 236.9,
      "left": 210.24,
      "attrs": { "value": "1000" }
    },
    {
      "type": "wokwi-resistor",
      "id": "r3",
      "top": 110.77,
      "left": 168.72,
      "attrs": { "value": "1000" }
    },
    {
      "type": "wokwi-resistor",
      "id": "r4",
      "top": 283.04,
      "left": 173.33,
      "attrs": { "value": "1000" }
    },
    {
      "type": "wokwi-resistor",
      "id": "r5",
      "top": 261.5,
      "left": 193.32,
      "attrs": { "value": "1000" }
    },
    {
      "type": "wokwi-resistor",
      "id": "r6",
      "top": 138.45,
      "left": 178.72,
      "attrs": { "value": "1000" }
    }
  ],
  "connections": [
    [ "uno:5V", "btn1:1.l", "cyan", [ "h-56.64", "v-237.37" ] ],
    [ "btn2:2.l", "btn1:2.r", "black", [ "h0" ] ],
    [ "btn1:1.r", "uno:3", "cyan", [ "v-20.68", "h170", "v325.05" ] ],
    [ "btn2:1.r", "uno:GND.1", "black", [ "h38.07", "v192.6" ] ],
    [ "btn2:2.r", "uno:13", "cyan", [ "h20.38", "v183.1" ] ],
    [ "led5:A", "r5:2", "yellow", [ "v0" ] ],
    [ "led6:A", "r2:2", "red", [ "v-0.11", "h-42.94" ] ],
    [ "led4:A", "r4:2", "limegreen", [ "h-15.02", "v-23.34" ] ],
    [ "led1:A", "r1:2", "green", [ "v0" ] ],
    [ "led2:A", "r3:2", "yellow", [ "v0" ] ],
    [ "led3:A", "r6:2", "red", [ "v0" ] ],
    [ "r1:1", "uno:12", "limegreen", [ "v0" ] ],
    [ "r3:1", "uno:11", "yellow", [ "v0" ] ],
    [ "r6:1", "uno:10", "red", [ "v0" ] ],
    [ "led1:C", "uno:GND.1", "black", [ "v0" ] ],
    [ "led2:C", "uno:GND.1", "black", [ "v0" ] ],
    [ "led3:C", "uno:GND.1", "black", [ "v0" ] ],
    [ "led5:C", "uno:GND.1", "black", [ "h-16.16", "v-96.15" ] ],
    [ "led4:C", "uno:GND.1", "black", [ "h16.51", "v-145.17" ] ],
    [ "led6:C", "uno:GND.1", "black", [ "h9.35", "v-82.65" ] ],
    [ "r4:1", "uno:4", "green", [ "v0" ] ],
    [ "r5:1", "uno:5", "green", [ "v0" ] ],
    [ "r2:1", "uno:6", "green", [ "v0" ] ]
  ],
  "dependencies": {}
}