{
  "version": 1,
  "author": "Anonymous maker",
  "editor": "wokwi",
  "parts": [
    { "type": "wokwi-arduino-uno", "id": "uno", "top": 0, "left": 0, "attrs": {} },
    {
      "type": "wokwi-led",
      "id": "led1",
      "top": -143.07,
      "left": 196.07,
      "attrs": { "color": "red" }
    },
    {
      "type": "wokwi-led",
      "id": "led2",
      "top": -127.07,
      "left": 137.4,
      "attrs": { "color": "red" }
    },
    {
      "type": "wokwi-led",
      "id": "led3",
      "top": -117.74,
      "left": 73.4,
      "attrs": { "color": "red" }
    },
    {
      "type": "wokwi-led",
      "id": "led4",
      "top": -115.07,
      "left": 12.07,
      "attrs": { "color": "red" }
    },
    {
      "type": "wokwi-led",
      "id": "led5",
      "top": -165.07,
      "left": 250.07,
      "attrs": { "color": "red" }
    },
    {
      "type": "wokwi-resistor",
      "id": "r1",
      "top": -88.45,
      "left": 247.87,
      "rotate": 90,
      "attrs": { "value": "1000" }
    },
    {
      "type": "wokwi-resistor",
      "id": "r2",
      "top": -68.45,
      "left": 192.53,
      "rotate": 90,
      "attrs": { "value": "1000" }
    },
    {
      "type": "wokwi-resistor",
      "id": "r3",
      "top": -56.45,
      "left": 134.53,
      "rotate": 90,
      "attrs": { "value": "1000" }
    },
    {
      "type": "wokwi-resistor",
      "id": "r4",
      "top": -32.45,
      "left": 7.87,
      "rotate": 90,
      "attrs": { "value": "1000" }
    },
    {
      "type": "wokwi-resistor",
      "id": "r5",
      "top": -44.45,
      "left": 72.53,
      "rotate": 90,
      "attrs": { "value": "1000" }
    }
  ],
  "connections": [
    [ "uno:GND.1", "led4:C", "black", [ "h-91.83", "v-67.4" ] ],
    [ "led4:A", "r4:1", "green", [ "v0" ] ],
    [ "uno:6", "r4:2", "green", [ "v0" ] ],
    [ "uno:5", "r5:2", "green", [ "v0" ] ],
    [ "uno:4", "r3:2", "green", [ "v0" ] ],
    [ "uno:3", "r2:2", "green", [ "v0" ] ],
    [ "uno:2", "r1:2", "green", [ "v0" ] ],
    [ "led5:A", "r1:1", "green", [ "v0" ] ],
    [ "led5:C", "led1:C", "green", [ "v0" ] ],
    [ "led1:A", "r2:1", "green", [ "v0" ] ],
    [ "r3:1", "led2:A", "green", [ "h0" ] ],
    [ "led1:C", "led2:C", "green", [ "v0" ] ],
    [ "led2:C", "led3:C", "green", [ "v0" ] ],
    [ "led3:C", "led4:C", "green", [ "v0" ] ],
    [ "led3:A", "r5:1", "green", [ "v0" ] ]
  ],
  "dependencies": {}
}