{
  "version": 1,
  "author": "Anonymous maker",
  "editor": "wokwi",
  "parts": [
    { "type": "wokwi-arduino-uno", "id": "uno", "top": 145.65, "left": -42.16, "attrs": {} },
    { "type": "wokwi-lcd1602", "id": "lcd2", "top": -73.95, "left": -52.69, "attrs": {} },
    {
      "type": "wokwi-resistor",
      "id": "r1",
      "top": 72.61,
      "left": 112.95,
      "attrs": { "value": "1000" }
    },
    {
      "type": "wokwi-rgb-led",
      "id": "rgb1",
      "top": 130.04,
      "left": 566.93,
      "attrs": { "common": "cathode" }
    },
    {
      "type": "wokwi-led",
      "id": "led1",
      "top": 131.35,
      "left": 411.31,
      "attrs": { "color": "limegreen", "flip": "1" }
    },
    {
      "type": "wokwi-led",
      "id": "led2",
      "top": 132.19,
      "left": 351,
      "attrs": { "color": "red", "flip": "1" }
    },
    {
      "type": "wokwi-led",
      "id": "led3",
      "top": 130.4,
      "left": 473.87,
      "attrs": { "color": "blue", "flip": "1" }
    },
    {
      "type": "wokwi-ntc-temperature-sensor",
      "id": "ntc1",
      "top": 364.65,
      "left": 394.56,
      "rotate": 180,
      "attrs": {}
    }
  ],
  "connections": [
    [ "uno:5V", "lcd2:VDD", "red", [ "v27.7", "h-172.79", "v-236.58", "h33.96" ] ],
    [ "r1:2", "uno:5V", "red", [ "v0.23", "h28.63", "v50.36", "h-255.32", "v236", "h171" ] ],
    [ "r1:1", "lcd2:A", "green", [ "v0" ] ],
    [ "lcd2:D7", "uno:7", "magenta", [ "v63.05", "h40.35" ] ],
    [ "lcd2:D6", "uno:8", "limegreen", [ "v77.69", "h39.31" ] ],
    [ "lcd2:D5", "uno:9", "cyan", [ "v84.71", "h34.75" ] ],
    [ "lcd2:D4", "uno:10", "blue", [ "v81.2", "h2.09" ] ],
    [ "uno:GND.1", "lcd2:VSS", "black", [ "v-70.31", "h-97.84" ] ],
    [ "lcd2:RW", "uno:GND.1", "black", [ "v26.15", "h1.61" ] ],
    [ "lcd2:K", "uno:GND.1", "black", [ "v29.08", "h-50.6", "v-0.59" ] ],
    [ "lcd2:E", "uno:11", "yellow", [ "v64.8", "h72.93" ] ],
    [ "lcd2:RS", "uno:12", "orange", [ "v77.1", "h6.34" ] ],
    [ "led2:C", "led1:C", "black", [ "v20.36", "h16.81" ] ],
    [ "led1:C", "led3:C", "black", [ "v19.79", "h64.68" ] ],
    [ "led2:A", "rgb1:R", "green", [ "v66.72", "h206.64" ] ],
    [ "led1:A", "rgb1:G", "green", [ "v40.87", "h171.62", "v-1.4" ] ],
    [ "led3:A", "rgb1:B", "green", [ "v51.65", "h117.49", "v1.4" ] ],
    [ "uno:VIN", "ntc1:VCC", "red", [ "v0" ] ],
    [ "led2:A", "uno:6", "red", [ "v-37.99", "h-209.75" ] ],
    [ "led1:A", "uno:4", "limegreen", [ "v-31.59", "h-254.29" ] ],
    [ "led3:A", "uno:2", "blue", [ "v0" ] ],
    [ "led1:C", "uno:5", "green", [ "v54.75", "h-149.01" ] ],
    [ "ntc1:OUT", "uno:A0", "green", [ "h0" ] ],
    [ "rgb1:COM", "ntc1:GND", "black", [ "v173.55", "h-260.63", "v68.37" ] ],
    [ "uno:GND.1", "rgb1:COM", "black", [ "v108.84", "h513.97" ] ]
  ],
  "dependencies": {}
}