{
  "version": 1,
  "author": "Anonymous maker",
  "editor": "wokwi",
  "parts": [
    {
      "type": "wokwi-arduino-uno",
      "id": "uno",
      "top": 19.41,
      "left": -92,
      "rotate": 90,
      "attrs": {}
    },
    {
      "type": "wokwi-pushbutton",
      "id": "btn1",
      "top": -64.85,
      "left": -28.38,
      "attrs": { "color": "green" }
    },
    {
      "type": "wokwi-resistor",
      "id": "r1",
      "top": -4.57,
      "left": 178.61,
      "rotate": 90,
      "attrs": { "value": "1000" }
    },
    {
      "type": "wokwi-led",
      "id": "led1",
      "top": -188.67,
      "left": 147.91,
      "attrs": { "color": "red" }
    },
    {
      "type": "wokwi-resistor",
      "id": "r2",
      "top": -45.54,
      "left": 80.14,
      "attrs": { "value": "1000" }
    }
  ],
  "connections": [
    [ "uno:5V", "btn1:2.l", "red", [ "h-22.36", "v-207.5" ] ],
    [ "uno:7", "btn1:1.l", "green", [ "h19.38", "v-247.87", "h-187.26" ] ],
    [ "uno:12", "r1:2", "green", [ "h0" ] ],
    [ "led1:A", "r1:1", "green", [ "v20.52", "h116.27" ] ],
    [ "uno:GND.1", "led1:C", "black", [ "h37.35", "v-200.25", "h-95.16" ] ],
    [ "btn1:1.r", "r2:1", "green", [ "v1.17", "h41.52" ] ],
    [ "r2:2", "led1:C", "green", [ "h9.16", "v-95.28" ] ],
    [ "r2:2", "uno:GND.1", "green", [ "h27.85", "v141.3" ] ]
  ],
  "dependencies": {}
}